#sno	section	path	title	extension
10	web-stream	podcast/a-world-without-money--dec-2025	WORLD WITHOUT MONEY?	.md
9	web-stream	podcast/end-debt-slavery--dec-2025	END DEBT SLAVERY!!	.md
8	web-stream	archives/collapsing-systems-and-rising-possibilities--2025	COLLAPSE!!	.md
7	web-stream	archives/the-system-was-built-this-way--2025	FT SYSTEM	.md
6	web-stream	archives/jim-rutt--ep158--jun-2022	FLOW CURRENCY!!	.md
5	web-stream	archives/creditism-for-a-shared-future--feb-2022	A SHARED FUTURE!!	.md
4	web-stream	archives/a-better-economic-system--2020	ECONOMY	.md
|3	web-stream	archives/a-beautiful-future--2019	BEAUTIFUL FUTURES	.md
3	web-stream	archives/universal-basic-income--2019	BASIC INCOME	.md
2	web-stream	archives/equation-of-humanity--2018	EQUATION OF HUMANITY	.md
1	web-stream	archives/about-earthvote--2017	EARTHVOTE	.md
